first_name,last_name,email,gender,age,car,job,favourite_film
Gunther,Philot,gphilot0@dedecms.com,Male,44,Honda,Business Systems Development Analyst,Comedy
Filip,Casaletto,fcasaletto1@tiny.cc,Male,37,Chrysler,Database Administrator I,Horror
Ermin,Steed,esteed2@blogtalkradio.com,Male,65,Chevrolet,Structural Engineer,Horror|Thriller
Nerta,Kybert,nkybert3@nba.com,Female,56,Suzuki,Electrical Engineer,Drama|War
Olivero,Catanheira,ocatanheira4@list-manage.com,Male,56,BMW,Tax Accountant,Action|Sci-Fi|Thriller
Caren,Sautter,csautter5@dell.com,Female,57,Ford,Social Worker,Comedy
Ranna,Cosley,rcosley6@infoseek.co.jp,Female,69,Acura,Associate Professor,Comedy|Horror
Donavon,Stanier,dstanier7@google.co.jp,Male,51,Audi,General Manager,Comedy|Drama
Fionnula,Dumingos,fdumingos8@java.com,Female,53,Saturn,Financial Analyst,Documentary
Iggy,Kender,ikender9@ameblo.jp,Male,62,Mercedes-Benz,Health Coach II,Crime|Drama|Thriller
Chiquita,Jaegar,cjaegara@cdbaby.com,Female,56,Mercedes-Benz,Product Engineer,Crime|Drama
Rudiger,Sylvaine,rsylvaineb@google.co.uk,Male,78,Isuzu,Speech Pathologist,Drama
Libbie,Eric,lericc@livejournal.com,Female,60,Audi,Office Assistant III,Documentary
Mariejeanne,Tschirasche,mtschirasched@latimes.com,Female,40,Maserati,Web Designer I,Drama
Beatriz,Labroue,blabrouee@virginia.edu,Female,76,Subaru,Geologist II,Comedy
Marcelo,Ladel,mladelf@netvibes.com,Male,64,Oldsmobile,Analog Circuit Design manager,Drama
Blanch,Chinnock,bchinnockg@columbia.edu,Female,44,Jeep,Clinical Specialist,Comedy|Drama
Patrica,Montrose,pmontroseh@vk.com,Female,67,Suzuki,Nurse Practicioner,Comedy|Drama
Mano,Galvin,mgalvini@google.co.uk,Male,53,Nissan,Software Engineer II,Crime|Mystery|Thriller
Ingemar,Frankema,ifrankemaj@123-reg.co.uk,Male,26,Suzuki,Administrative Officer,Documentary
